i_plant,j_warehouse,dij_distance
1,1,939.21
1,2,716.74
1,3,521.5
1,4,2006.5
1,5,1395.46
2,1,12.24
2,2,1394.42
2,3,1360.48
2,4,1385.04
2,5,1221.63
3,1,782.57
3,2,1667.29
3,3,1518.63
3,4,998.58
3,5,492.76
4,1,791.33
4,2,704.15
4,3,875.22
4,4,2148.45
4,5,1869.54
