i_plant,k_product,capacity (tonnes)
1,1,300000
2,1,88200
3,1,88200
4,1,88200
1,2,44000
2,2,73000
3,2,22000
4,2,22000
1,3,18400
2,3,9200
3,3,30000
4,3,9200
1,4,7400
2,4,3700
3,4,3700
4,4,12000
1,5,3600
2,5,1800
3,5,1800
4,5,6000
